,calories,protein,fat,sodium,fiber,carbo,sugars,potass,vitamins
0,103.33333333333333,2.7222222222222223,0.4999999999999999,226.66666666666666,1.7777777777777777,18.27777777777778,3.3888888888888884,77.22222222222223,25.0
1,110.9090909090909,1.545454545454545,1.0454545454545454,170.0,0.5909090909090915,12.5,11.318181818181817,49.71212121212121,25.0
2,122.22222222222221,3.3333333333333335,2.111111111111111,144.44444444444446,3.1500000000000004,13.766812865497077,8.945906432748538,149.72222222222223,22.22222222222222
3,63.333333333333336,4.0,0.6666666666666667,176.66666666666666,11.0,6.666666666666666,3.6666666666666665,310.0,25.0
4,116.66666666666666,2.6666666666666665,0.8333333333333334,208.33333333333331,1.8333333333333335,18.166666666666664,6.333333333333334,95.83333333333333,100.0
5,84.0,2.5,0.09999999999999998,9.499999999999972,2.0,15.9,2.1000000000000005,91.36666666666667,10.0
